<Exercise id="1">
  <name>(Example) Simple Binary Search</name>
  <publicDescription>&lt;div&gt;This is an example exercise. It revolves around a simplified binary search task.&lt;/div&gt;</publicDescription>
  <internalNotes>This is an example exercise. It revolves around a simplified binary search task.</internalNotes>
  <language>en</language>
  <difficulty>0</difficulty>
  <tags id="2"/>
  <resources id="3"/>
  <stages id="4">
    <MCStage id="5">
      <internalName>#1</internalName>
      <externalName>Binary Search Multiple Choice</externalName>
      <taskDescription>&lt;div&gt;Which of these statements are true for binary search?&lt;/div&gt;
&lt;div&gt;&amp;nbsp;&lt;/div&gt;
&lt;div&gt;Please select one or multiple correct answers.&lt;/div&gt;
&lt;div&gt;&amp;nbsp;&lt;/div&gt;
&lt;details style=&quot;border-radius: 5px; display: inline-block; max-width: 100%; width: 100%;&quot;&gt;
&lt;summary style=&quot;cursor: pointer; font-size: 16px; display: inline-block; padding: 10px 15px; background-color: #ccc; border-radius: 5px;&quot;&gt;Toggle Code&lt;/summary&gt;
&lt;div style=&quot;background-color: #f0f0f0; border-radius: 5px; margin-top: 5px; padding: 10px; max-width: 100%; max-height: 50vh; width: fit-content; overflow: auto;&quot;&gt;
&lt;div class=&quot;highlight&quot; style=&quot;background: #f0f0f0;&quot;&gt;
&lt;table class=&quot;highlighttable&quot;&gt;
&lt;tbody&gt;
&lt;tr&gt;
&lt;td class=&quot;linenos&quot;&gt;
&lt;div class=&quot;linenodiv&quot;&gt;
&lt;pre style=&quot;line-height: 125%;&quot;&gt;&lt;span style=&quot;color: #666666; background-color: transparent; padding-left: 5px; padding-right: 5px;&quot;&gt; 1&lt;/span&gt;
&lt;span style=&quot;color: #666666; background-color: transparent; padding-left: 5px; padding-right: 5px;&quot;&gt; 2&lt;/span&gt;
&lt;span style=&quot;color: #666666; background-color: transparent; padding-left: 5px; padding-right: 5px;&quot;&gt; 3&lt;/span&gt;
&lt;span style=&quot;color: #666666; background-color: transparent; padding-left: 5px; padding-right: 5px;&quot;&gt; 4&lt;/span&gt;
&lt;span style=&quot;color: #666666; background-color: transparent; padding-left: 5px; padding-right: 5px;&quot;&gt; 5&lt;/span&gt;
&lt;span style=&quot;color: #666666; background-color: transparent; padding-left: 5px; padding-right: 5px;&quot;&gt; 6&lt;/span&gt;
&lt;span style=&quot;color: #666666; background-color: transparent; padding-left: 5px; padding-right: 5px;&quot;&gt; 7&lt;/span&gt;
&lt;span style=&quot;color: #666666; background-color: transparent; padding-left: 5px; padding-right: 5px;&quot;&gt; 8&lt;/span&gt;
&lt;span style=&quot;color: #666666; background-color: transparent; padding-left: 5px; padding-right: 5px;&quot;&gt; 9&lt;/span&gt;
&lt;span style=&quot;color: #666666; background-color: transparent; padding-left: 5px; padding-right: 5px;&quot;&gt;10&lt;/span&gt;&lt;/pre&gt;
&lt;/div&gt;
&lt;/td&gt;
&lt;td class=&quot;code&quot;&gt;
&lt;div&gt;
&lt;pre style=&quot;line-height: 125%;&quot;&gt;&lt;span style=&quot;color: #007020; font-weight: bold;&quot;&gt;def&lt;/span&gt; &lt;span style=&quot;color: #06287e;&quot;&gt;binary_search&lt;/span&gt;(array, element, left, right):
  &lt;span style=&quot;color: #007020; font-weight: bold;&quot;&gt;if&lt;/span&gt; right &lt;span style=&quot;color: #666666;&quot;&gt;&amp;lt;&lt;/span&gt; left:
    &lt;span style=&quot;color: #007020; font-weight: bold;&quot;&gt;return&lt;/span&gt; &lt;span style=&quot;color: #007020; font-weight: bold;&quot;&gt;False&lt;/span&gt;  &lt;span style=&quot;color: #60a0b0; font-style: italic;&quot;&gt;# not found&lt;/span&gt;
  mid &lt;span style=&quot;color: #666666;&quot;&gt;=&lt;/span&gt; (left&lt;span style=&quot;color: #666666;&quot;&gt;+&lt;/span&gt;right)&lt;span style=&quot;color: #666666;&quot;&gt;//&lt;/span&gt;&lt;span style=&quot;color: #40a070;&quot;&gt;2&lt;/span&gt;
  &lt;span style=&quot;color: #007020; font-weight: bold;&quot;&gt;if&lt;/span&gt; element &lt;span style=&quot;color: #666666;&quot;&gt;==&lt;/span&gt; array[mid]:
    &lt;span style=&quot;color: #007020; font-weight: bold;&quot;&gt;return&lt;/span&gt; mid
  &lt;span style=&quot;color: #007020; font-weight: bold;&quot;&gt;elif&lt;/span&gt; element &lt;span style=&quot;color: #666666;&quot;&gt;&amp;lt;&lt;/span&gt; array[mid]:
    &lt;span style=&quot;color: #007020; font-weight: bold;&quot;&gt;return&lt;/span&gt; binary_search(array, element, left, mid&lt;span style=&quot;color: #666666;&quot;&gt;-&lt;/span&gt;&lt;span style=&quot;color: #40a070;&quot;&gt;1&lt;/span&gt;)
  &lt;span style=&quot;color: #007020; font-weight: bold;&quot;&gt;else&lt;/span&gt;:
    &lt;span style=&quot;color: #007020; font-weight: bold;&quot;&gt;return&lt;/span&gt; binary_search(array, element, mid&lt;span style=&quot;color: #666666;&quot;&gt;+&lt;/span&gt;&lt;span style=&quot;color: #40a070;&quot;&gt;1&lt;/span&gt;, right)
&lt;/pre&gt;
&lt;/div&gt;
&lt;/td&gt;
&lt;/tr&gt;
&lt;/tbody&gt;
&lt;/table&gt;
&lt;/div&gt;
&lt;/div&gt;
&lt;/details&gt;</taskDescription>
      <skipMessage></skipMessage>
      <feedbackRules id="6"/>
      <defaultTransition id="7">
        <conditionExpression id="8">
          <domain>MATH</domain>
        </conditionExpression>
        <stageExpression id="9">
          <domain>MATH</domain>
        </stageExpression>
        <targetStage class="FillInStage" id="10">
          <internalName>#2</internalName>
          <externalName>Binary Search Dynamic Question</externalName>
          <taskDescription>&lt;div&gt;
&lt;div&gt;Given the sorted list [var=array_at_random_index], how many iterations are needed to find the element k=[var=k_at_random_index]?&lt;/div&gt;
&lt;div&gt;&amp;nbsp;&lt;/div&gt;
&lt;div&gt;&amp;nbsp;&lt;input name=&quot;a&quot; size=&quot;10&quot; type=&quot;text&quot; value=&quot;a&quot;&gt;&amp;nbsp;&lt;/div&gt;
&lt;div&gt;&amp;nbsp;&lt;/div&gt;
&lt;details style=&quot;border-radius: 5px; display: inline-block; max-width: 100%; width: 100%;&quot;&gt;
&lt;summary style=&quot;cursor: pointer; font-size: 16px; display: inline-block; padding: 10px 15px; background-color: #ccc; border-radius: 5px;&quot;&gt;Toggle Code&lt;/summary&gt;
&lt;div style=&quot;background-color: #f0f0f0; border-radius: 5px; margin-top: 5px; padding: 10px; max-width: 100%; max-height: 50vh; width: fit-content; overflow: auto;&quot;&gt;
&lt;div class=&quot;highlight&quot; style=&quot;background: #f0f0f0;&quot;&gt;
&lt;table class=&quot;highlighttable&quot;&gt;
&lt;tbody&gt;
&lt;tr&gt;
&lt;td class=&quot;linenos&quot;&gt;
&lt;div class=&quot;linenodiv&quot;&gt;
&lt;pre style=&quot;line-height: 125%;&quot;&gt;&lt;span style=&quot;color: #666666; background-color: transparent; padding-left: 5px; padding-right: 5px;&quot;&gt; 1&lt;/span&gt;
&lt;span style=&quot;color: #666666; background-color: transparent; padding-left: 5px; padding-right: 5px;&quot;&gt; 2&lt;/span&gt;
&lt;span style=&quot;color: #666666; background-color: transparent; padding-left: 5px; padding-right: 5px;&quot;&gt; 3&lt;/span&gt;
&lt;span style=&quot;color: #666666; background-color: transparent; padding-left: 5px; padding-right: 5px;&quot;&gt; 4&lt;/span&gt;
&lt;span style=&quot;color: #666666; background-color: transparent; padding-left: 5px; padding-right: 5px;&quot;&gt; 5&lt;/span&gt;
&lt;span style=&quot;color: #666666; background-color: transparent; padding-left: 5px; padding-right: 5px;&quot;&gt; 6&lt;/span&gt;
&lt;span style=&quot;color: #666666; background-color: transparent; padding-left: 5px; padding-right: 5px;&quot;&gt; 7&lt;/span&gt;
&lt;span style=&quot;color: #666666; background-color: transparent; padding-left: 5px; padding-right: 5px;&quot;&gt; 8&lt;/span&gt;
&lt;span style=&quot;color: #666666; background-color: transparent; padding-left: 5px; padding-right: 5px;&quot;&gt; 9&lt;/span&gt;
&lt;span style=&quot;color: #666666; background-color: transparent; padding-left: 5px; padding-right: 5px;&quot;&gt;10&lt;/span&gt;&lt;/pre&gt;
&lt;/div&gt;
&lt;/td&gt;
&lt;td class=&quot;code&quot;&gt;
&lt;div&gt;
&lt;pre style=&quot;line-height: 125%;&quot;&gt;&lt;span style=&quot;color: #007020; font-weight: bold;&quot;&gt;def&lt;/span&gt; &lt;span style=&quot;color: #06287e;&quot;&gt;binary_search&lt;/span&gt;(array, element, left, right):
  &lt;span style=&quot;color: #007020; font-weight: bold;&quot;&gt;if&lt;/span&gt; right &lt;span style=&quot;color: #666666;&quot;&gt;&amp;lt;&lt;/span&gt; left:
    &lt;span style=&quot;color: #007020; font-weight: bold;&quot;&gt;return&lt;/span&gt; &lt;span style=&quot;color: #007020; font-weight: bold;&quot;&gt;False&lt;/span&gt;  &lt;span style=&quot;color: #60a0b0; font-style: italic;&quot;&gt;# not found&lt;/span&gt;
  mid &lt;span style=&quot;color: #666666;&quot;&gt;=&lt;/span&gt; (left&lt;span style=&quot;color: #666666;&quot;&gt;+&lt;/span&gt;right)&lt;span style=&quot;color: #666666;&quot;&gt;//&lt;/span&gt;&lt;span style=&quot;color: #40a070;&quot;&gt;2&lt;/span&gt;
  &lt;span style=&quot;color: #007020; font-weight: bold;&quot;&gt;if&lt;/span&gt; element &lt;span style=&quot;color: #666666;&quot;&gt;==&lt;/span&gt; array[mid]:
    &lt;span style=&quot;color: #007020; font-weight: bold;&quot;&gt;return&lt;/span&gt; mid
  &lt;span style=&quot;color: #007020; font-weight: bold;&quot;&gt;elif&lt;/span&gt; element &lt;span style=&quot;color: #666666;&quot;&gt;&amp;lt;&lt;/span&gt; array[mid]:
    &lt;span style=&quot;color: #007020; font-weight: bold;&quot;&gt;return&lt;/span&gt; binary_search(array, element, left, mid&lt;span style=&quot;color: #666666;&quot;&gt;-&lt;/span&gt;&lt;span style=&quot;color: #40a070;&quot;&gt;1&lt;/span&gt;)
  &lt;span style=&quot;color: #007020; font-weight: bold;&quot;&gt;else&lt;/span&gt;:
    &lt;span style=&quot;color: #007020; font-weight: bold;&quot;&gt;return&lt;/span&gt; binary_search(array, element, mid&lt;span style=&quot;color: #666666;&quot;&gt;+&lt;/span&gt;&lt;span style=&quot;color: #40a070;&quot;&gt;1&lt;/span&gt;, right)
&lt;/pre&gt;
&lt;/div&gt;
&lt;/td&gt;
&lt;/tr&gt;
&lt;/tbody&gt;
&lt;/table&gt;
&lt;/div&gt;
&lt;/div&gt;
&lt;/details&gt;
&lt;/div&gt;</taskDescription>
          <feedbackRules id="11">
            <FeedbackRule id="12">
              <name>Feedback </name>
              <orderIndex>1</orderIndex>
              <validationExpression id="13">
                <code>not(equals([input=a], [var=amount_of_iterations_at_random_index]))</code>
                <domain>MATH</domain>
              </validationExpression>
              <feedbackText>&lt;div&gt;Incorrect.&lt;/div&gt;&#xd;
&lt;div&gt;&amp;nbsp;&lt;/div&gt;&#xd;
&lt;div&gt;Solution: [var=amount_of_iterations_at_random_index]&lt;/div&gt;</feedbackText>
              <points>0</points>
              <terminal>true</terminal>
              <fieldsToBeMarked id="14">
                <MarkedInputField id="15">
                  <fieldDefinition>a</fieldDefinition>
                  <color>ff0000</color>
                </MarkedInputField>
              </fieldsToBeMarked>
            </FeedbackRule>
            <FeedbackRule id="16">
              <name>Feedback </name>
              <orderIndex>0</orderIndex>
              <validationExpression id="17">
                <code>equals([input=a], [var=amount_of_iterations_if_forgetting_to_count_last_iteration_at_random_index])</code>
                <domain>MATH</domain>
              </validationExpression>
              <feedbackText>&lt;div&gt;Incorrect. You were off by one. Maybe you forgot to count the iteration, where the value was actually found?&lt;/div&gt;&#xd;
&lt;div&gt;&amp;nbsp;&lt;/div&gt;&#xd;
&lt;div&gt;Solution: [var=amount_of_iterations_at_random_index]&lt;/div&gt;</feedbackText>
              <points>0</points>
              <terminal>true</terminal>
              <fieldsToBeMarked id="18">
                <MarkedInputField id="19">
                  <fieldDefinition>a</fieldDefinition>
                  <color>ff0000</color>
                </MarkedInputField>
              </fieldsToBeMarked>
            </FeedbackRule>
          </feedbackRules>
          <defaultTransition id="20">
            <conditionExpression id="21">
              <domain>MATH</domain>
            </conditionExpression>
            <stageExpression id="22">
              <domain>MATH</domain>
            </stageExpression>
            <type>NEXT_OR_END</type>
            <extraWeight>0</extraWeight>
          </defaultTransition>
          <skipTransitions id="23"/>
          <stageTransitions id="24"/>
          <hints id="25"/>
          <variableUpdatesOnEnter id="26"/>
          <variableUpdatesBeforeCheck id="27"/>
          <variableUpdatesAfterCheck id="28"/>
          <variableUpdatesOnNormalExit id="29"/>
          <variableUpdatesOnRepeat id="30"/>
          <variableUpdatesOnSkip id="31"/>
          <weight>1</weight>
          <orderIndex>1</orderIndex>
          <allowSkip>true</allowSkip>
          <resources id="32"/>
          <fillInFields id="33">
            <FillInField id="34">
              <name>a</name>
              <orderIndex>0</orderIndex>
              <formulaEditorType>NUMBER_ENFORCED</formulaEditorType>
              <size>10</size>
              <maxInputSize>9999</maxInputSize>
            </FillInField>
          </fillInFields>
          <dropDownFields id="35"/>
          <kekuleFields id="36"/>
          <formulaEditorPalette>MATHDOX_FORMULAR_EDITOR_NO_PALETTE</formulaEditorPalette>
          <defaultFeedback>&lt;div&gt;Incorrect.&lt;/div&gt;&#xd;
&lt;div&gt;&amp;nbsp;&lt;/div&gt;&#xd;
&lt;div&gt;Dies ist die &quot;Default Case&quot;. Diese sollte f&amp;uuml;r FillIn nicht genutzt werden, da man so nicht das Eingabefeld rot f&amp;auml;rben kann. Stattdessen werden falsche Antworten unten bei &quot;More Feedback&quot; abgefangen.&lt;/div&gt;</defaultFeedback>
          <correctAnswerRules id="37">
            <FeedbackRule id="38">
              <name>Feedback 1</name>
              <orderIndex>1</orderIndex>
              <validationExpression id="39">
                <code>equals([input=a], [var=amount_of_iterations_at_random_index])</code>
                <domain>MATH</domain>
              </validationExpression>
              <points>0</points>
              <terminal>false</terminal>
              <fieldsToBeMarked id="40"/>
            </FeedbackRule>
          </correctAnswerRules>
          <correctAnswerFeedback>&lt;div&gt;Correct.&lt;/div&gt;</correctAnswerFeedback>
          <defaultResult>0</defaultResult>
          <kekuleEditorConfigurations id="41">
            <configs id="42">
              <kekuleConfiguration id="43">
                <name>commonToolButtons</name>
                <selectedOption id="44">
                  <name>default</name>
                  <value></value>
                </selectedOption>
              </kekuleConfiguration>
              <kekuleConfiguration id="45">
                <name>chemToolButtons</name>
                <selectedOption id="46">
                  <name>default</name>
                  <value></value>
                </selectedOption>
              </kekuleConfiguration>
              <kekuleConfiguration id="47">
                <name>allowedObjModifierCategories</name>
                <selectedOption id="48">
                  <name>default</name>
                  <value></value>
                </selectedOption>
              </kekuleConfiguration>
              <kekuleConfiguration id="49">
                <name>availableBondForms</name>
                <selectedOption id="50">
                  <name>default</name>
                  <value></value>
                </selectedOption>
              </kekuleConfiguration>
              <kekuleConfiguration id="51">
                <name>availableNonAtomTypes</name>
                <selectedOption id="52">
                  <name>default</name>
                  <value></value>
                </selectedOption>
              </kekuleConfiguration>
              <kekuleConfiguration id="53">
                <name>defHydrogenDisplayLevel</name>
                <selectedOption id="54">
                  <name>default</name>
                  <value></value>
                </selectedOption>
              </kekuleConfiguration>
            </configs>
          </kekuleEditorConfigurations>
        </targetStage>
        <type>NEXT_OR_END</type>
        <extraWeight>0</extraWeight>
      </defaultTransition>
      <skipTransitions id="55"/>
      <stageTransitions id="56"/>
      <hints id="57"/>
      <variableUpdatesOnEnter id="58"/>
      <variableUpdatesBeforeCheck id="59"/>
      <variableUpdatesAfterCheck id="60"/>
      <variableUpdatesOnNormalExit id="61"/>
      <variableUpdatesOnRepeat id="62"/>
      <variableUpdatesOnSkip id="63"/>
      <weight>1</weight>
      <orderIndex>0</orderIndex>
      <allowSkip>true</allowSkip>
      <resources id="64"/>
      <answerOptions id="65">
        <MCAnswer id="66">
          <order>0</order>
          <rule>CORRECT</rule>
          <text>&lt;div&gt;Binary search is an algorithm.&lt;/div&gt;</text>
          <variableName></variableName>
          <mcstage reference="5"/>
        </MCAnswer>
        <MCAnswer id="67">
          <order>1</order>
          <rule>WRONG</rule>
          <text>&lt;div&gt;Binary search is a data structure.&lt;/div&gt;</text>
          <variableName></variableName>
          <mcstage reference="5"/>
        </MCAnswer>
        <MCAnswer id="68">
          <order>2</order>
          <rule>CORRECT</rule>
          <text>&lt;div&gt;A sorted array is required for binary search.&lt;/div&gt;</text>
          <variableName></variableName>
          <mcstage reference="5"/>
        </MCAnswer>
        <MCAnswer id="69">
          <order>3</order>
          <rule>WRONG</rule>
          <text>&lt;div&gt;Binary search has a time complexity of $\mathcal{O}(\log{}n * n!^2)$&lt;/div&gt;</text>
          <variableName></variableName>
          <mcstage reference="5"/>
        </MCAnswer>
      </answerOptions>
      <randomize>true</randomize>
      <selectionType>MULTIPLE_CHOICE</selectionType>
      <maxNumberOfSelectable>2</maxNumberOfSelectable>
      <correctAnswerFeedback>&lt;div&gt;Correct.&lt;/div&gt;</correctAnswerFeedback>
      <defaultFeedback>&lt;div&gt;Incorrect.&lt;/div&gt;&#xd;
&lt;div&gt;&amp;nbsp;&lt;/div&gt;&#xd;
&lt;div&gt;Solution:&lt;/div&gt;&#xd;
&lt;ul&gt;&#xd;
&lt;li&gt;&#xd;
&lt;div&gt;Binary search is an algorithm.&lt;/div&gt;&#xd;
&lt;/li&gt;&#xd;
&lt;li&gt;&#xd;
&lt;div&gt;A sorted array is required for binary search.&lt;/div&gt;&#xd;
&lt;/li&gt;&#xd;
&lt;/ul&gt;</defaultFeedback>
      <defaultResult>0</defaultResult>
      <extraFeedbacks id="70"/>
    </MCStage>
    <FillInStage reference="10"/>
  </stages>
  <startStage class="MCStage" reference="5"/>
  <variableDeclarations id="71">
    <VariableDeclaration id="72">
      <name>random_index</name>
      <initializationCode id="73">
        <code>randomIntegerBetween(0, 3)</code>
        <domain>MATH</domain>
      </initializationCode>
    </VariableDeclaration>
    <VariableDeclaration id="74">
      <name>possible_arrays</name>
      <initializationCode id="75">
        <code>list(&apos;[1, 2, 3]&apos;, &apos;[2, 6, 8, 9, 12, 15, 18]&apos;, &apos;[2, 6, 9, 13, 14, 15, 17]&apos;)</code>
        <domain>MATH</domain>
      </initializationCode>
    </VariableDeclaration>
    <VariableDeclaration id="76">
      <name>possible_k_values</name>
      <initializationCode id="77">
        <code>list(&apos;2&apos;, &apos;8&apos;, &apos;6&apos;)</code>
        <domain>MATH</domain>
      </initializationCode>
    </VariableDeclaration>
    <VariableDeclaration id="78">
      <name>possible_amount_of_iterations</name>
      <initializationCode id="79">
        <code>list(&apos;1&apos;, &apos;3&apos;, &apos;2&apos;)</code>
        <domain>MATH</domain>
      </initializationCode>
    </VariableDeclaration>
    <VariableDeclaration id="80">
      <name>possible_amount_of_iterations_if_forgetting_to_count_last_iteration</name>
      <initializationCode id="81">
        <code>list(&apos;0&apos;, &apos;2&apos;, &apos;1&apos;)</code>
        <domain>MATH</domain>
      </initializationCode>
    </VariableDeclaration>
    <VariableDeclaration id="82">
      <name>array_at_random_index</name>
      <initializationCode id="83">
        <code>getFromList([var=random_index],[var=possible_arrays])</code>
        <domain>MATH</domain>
      </initializationCode>
    </VariableDeclaration>
    <VariableDeclaration id="84">
      <name>k_at_random_index</name>
      <initializationCode id="85">
        <code>getFromList([var=random_index],[var=possible_k_values])</code>
        <domain>MATH</domain>
      </initializationCode>
    </VariableDeclaration>
    <VariableDeclaration id="86">
      <name>amount_of_iterations_at_random_index</name>
      <initializationCode id="87">
        <code>getFromList([var=random_index],[var=possible_amount_of_iterations])</code>
        <domain>MATH</domain>
      </initializationCode>
    </VariableDeclaration>
    <VariableDeclaration id="88">
      <name>amount_of_iterations_if_forgetting_to_count_last_iteration_at_random_index</name>
      <initializationCode id="89">
        <code>getFromList([var=random_index],[var=possible_amount_of_iterations_if_forgetting_to_count_last_iteration])</code>
        <domain>MATH</domain>
      </initializationCode>
    </VariableDeclaration>
  </variableDeclarations>
  <jSXGraphs id="90"/>
  <dynamicMolecules id="91"/>
  <resultFeedbackMappings id="92"/>
</Exercise>